{
    "accuracy": 0.8032786885245902,
    "precision": 0.8035308953341741,
    "recall": 0.8032786885245902,
    "f1_score": 0.8025286617379193,
    "roc_auc": 0.8712121212121212
}