{
    "accuracy": 0.7377049180327869,
    "precision": 0.7373085930462979,
    "recall": 0.7377049180327869,
    "f1_score": 0.7367048823172255,
    "roc_auc": 0.8668831168831169
}